radius,segments,hole_grid,wall_s,tris,tris_fillet,volume_fillet,analytic,vol_err_rel,watertight_fillet,watertight
0.7500,8,4,0.027378,396,76,29993.665,29994.206,1.803138e-05,1,1
0.7500,8,6,0.070347,796,76,29993.665,29994.206,1.803138e-05,1,1
0.7500,8,8,0.161627,1356,76,29993.665,29994.206,1.803138e-05,1,1
0.7500,8,10,0.333281,2076,76,29993.665,29994.206,1.803138e-05,1,1
0.7500,8,12,0.657574,2956,76,29993.665,29994.206,1.803138e-05,1,1
0.7500,8,14,1.047504,3996,76,29993.665,29994.206,1.803138e-05,1,1
0.7500,8,16,1.579205,5196,76,29993.665,29994.206,1.803138e-05,1,1
0.7500,16,4,0.024493,396,76,29993.665,29994.206,1.803138e-05,1,1
0.7500,16,6,0.069138,796,76,29993.665,29994.206,1.803138e-05,1,1
0.7500,16,8,0.155088,1356,76,29993.665,29994.206,1.803138e-05,1,1
0.7500,16,10,0.314775,2076,76,29993.665,29994.206,1.803138e-05,1,1
0.7500,16,12,0.596983,2956,76,29993.665,29994.206,1.803138e-05,1,1
0.7500,16,14,1.001621,3996,76,29993.665,29994.206,1.803138e-05,1,1
0.7500,16,16,1.567542,5196,76,29993.665,29994.206,1.803138e-05,1,1
0.7500,32,4,0.027468,460,140,29994.07,29994.206,4.533650e-06,1,1
0.7500,32,6,0.072284,860,140,29994.07,29994.206,4.533650e-06,1,1
0.7500,32,8,0.159548,1420,140,29994.07,29994.206,4.533650e-06,1,1
0.7500,32,10,0.329812,2140,140,29994.07,29994.206,4.533650e-06,1,1
0.7500,32,12,0.618822,3020,140,29994.07,29994.206,4.533650e-06,1,1
0.7500,32,14,1.031335,4060,140,29994.07,29994.206,4.533650e-06,1,1
0.7500,32,16,1.618138,5260,140,29994.07,29994.206,4.533650e-06,1,1
0.7500,64,4,0.032556,588,268,29994.172,29994.206,1.135105e-06,1,1
0.7500,64,6,0.082307,988,268,29994.172,29994.206,1.135105e-06,1,1
0.7500,64,8,0.178418,1548,268,29994.172,29994.206,1.135105e-06,1,1
0.7500,64,10,0.362575,2268,268,29994.172,29994.206,1.135105e-06,1,1
0.7500,64,12,0.662862,3148,268,29994.172,29994.206,1.135105e-06,1,1
0.7500,64,14,1.077303,4188,268,29994.172,29994.206,1.135105e-06,1,1
0.7500,64,16,1.667769,5388,268,29994.172,29994.206,1.135105e-06,1,1
1.2500,8,4,0.024415,396,76,29982.403,29983.905,5.010387e-05,1,1
1.2500,8,6,0.067512,796,76,29982.403,29983.905,5.010387e-05,1,1
1.2500,8,8,0.151440,1356,76,29982.403,29983.905,5.010387e-05,1,1
1.2500,8,10,0.316235,2076,76,29982.403,29983.905,5.010387e-05,1,1
1.2500,8,12,0.603244,2956,76,29982.403,29983.905,5.010387e-05,1,1
1.2500,8,14,1.003872,3996,76,29982.403,29983.905,5.010387e-05,1,1
1.2500,8,16,1.561848,5196,76,29982.403,29983.905,5.010387e-05,1,1
1.2500,16,4,0.024755,396,76,29982.403,29983.905,5.010387e-05,1,1
1.2500,16,6,0.068295,796,76,29982.403,29983.905,5.010387e-05,1,1
1.2500,16,8,0.153489,1356,76,29982.403,29983.905,5.010387e-05,1,1
1.2500,16,10,0.312132,2076,76,29982.403,29983.905,5.010387e-05,1,1
1.2500,16,12,0.600146,2956,76,29982.403,29983.905,5.010387e-05,1,1
1.2500,16,14,1.005981,3996,76,29982.403,29983.905,5.010387e-05,1,1
1.2500,16,16,1.560657,5196,76,29982.403,29983.905,5.010387e-05,1,1
1.2500,32,4,0.027269,460,140,29983.527,29983.905,1.259812e-05,1,1
1.2500,32,6,0.073285,860,140,29983.527,29983.905,1.259812e-05,1,1
1.2500,32,8,0.162750,1420,140,29983.527,29983.905,1.259812e-05,1,1
1.2500,32,10,0.327455,2140,140,29983.527,29983.905,1.259812e-05,1,1
1.2500,32,12,0.620776,3020,140,29983.527,29983.905,1.259812e-05,1,1
1.2500,32,14,1.036244,4060,140,29983.527,29983.905,1.259812e-05,1,1
1.2500,32,16,1.618513,5260,140,29983.527,29983.905,1.259812e-05,1,1
1.2500,64,4,0.032873,588,268,29983.81,29983.905,3.154359e-06,1,1
1.2500,64,6,0.083176,988,268,29983.81,29983.905,3.154359e-06,1,1
1.2500,64,8,0.180835,1548,268,29983.81,29983.905,3.154359e-06,1,1
1.2500,64,10,0.363264,2268,268,29983.81,29983.905,3.154359e-06,1,1
1.2500,64,12,0.659406,3148,268,29983.81,29983.905,3.154359e-06,1,1
1.2500,64,14,1.073968,4188,268,29983.81,29983.905,3.154359e-06,1,1
1.2500,64,16,1.675820,5388,268,29983.81,29983.905,3.154359e-06,1,1
1.7500,8,4,0.025498,396,76,29965.509,29968.454,9.825377e-05,1,1
1.7500,8,6,0.069404,796,76,29965.509,29968.454,9.825377e-05,1,1
1.7500,8,8,0.154583,1356,76,29965.509,29968.454,9.825377e-05,1,1
1.7500,8,10,0.314878,2076,76,29965.509,29968.454,9.825377e-05,1,1
1.7500,8,12,0.593826,2956,76,29965.509,29968.454,9.825377e-05,1,1
1.7500,8,14,1.006359,3996,76,29965.509,29968.454,9.825377e-05,1,1
1.7500,8,16,1.570061,5196,76,29965.509,29968.454,9.825377e-05,1,1
1.7500,16,4,0.024447,396,76,29965.509,29968.454,9.825377e-05,1,1
1.7500,16,6,0.066468,796,76,29965.509,29968.454,9.825377e-05,1,1
1.7500,16,8,0.152792,1356,76,29965.509,29968.454,9.825377e-05,1,1
1.7500,16,10,0.317415,2076,76,29965.509,29968.454,9.825377e-05,1,1
1.7500,16,12,0.603467,2956,76,29965.509,29968.454,9.825377e-05,1,1
1.7500,16,14,0.999444,3996,76,29965.509,29968.454,9.825377e-05,1,1
1.7500,16,16,1.578675,5196,76,29965.509,29968.454,9.825377e-05,1,1
1.7500,32,4,0.028356,460,140,29967.713,29968.454,2.470621e-05,1,1
1.7500,32,6,0.072968,860,140,29967.713,29968.454,2.470621e-05,1,1
1.7500,32,8,0.164171,1420,140,29967.713,29968.454,2.470621e-05,1,1
1.7500,32,10,0.331237,2140,140,29967.713,29968.454,2.470621e-05,1,1
1.7500,32,12,0.627316,3020,140,29967.713,29968.454,2.470621e-05,1,1
1.7500,32,14,1.043389,4060,140,29967.713,29968.454,2.470621e-05,1,1
1.7500,32,16,1.624398,5260,140,29967.713,29968.454,2.470621e-05,1,1
1.7500,64,4,0.033130,592,268,29968.268,29968.454,6.185924e-06,1,1
1.7500,64,6,0.083016,988,268,29968.268,29968.454,6.185924e-06,1,1
1.7500,64,8,0.180028,1548,268,29968.268,29968.454,6.185924e-06,1,1
1.7500,64,10,0.358252,2268,268,29968.268,29968.454,6.185924e-06,1,1
1.7500,64,12,0.657117,3148,268,29968.268,29968.454,6.185924e-06,1,1
1.7500,64,14,1.074851,4188,268,29968.268,29968.454,6.185924e-06,1,1
1.7500,64,16,1.661366,5388,268,29968.268,29968.454,6.185924e-06,1,1
2.2500,8,4,0.024349,396,76,29942.984,29947.852,1.625357e-04,1,1
2.2500,8,6,0.066953,796,76,29942.984,29947.852,1.625357e-04,1,1
2.2500,8,8,0.151681,1356,76,29942.984,29947.852,1.625357e-04,1,1
2.2500,8,10,0.311979,2076,76,29942.984,29947.852,1.625357e-04,1,1
2.2500,8,12,0.598089,2956,76,29942.984,29947.852,1.625357e-04,1,1
2.2500,8,14,0.994158,3996,76,29942.984,29947.852,1.625357e-04,1,1
2.2500,8,16,1.563892,5196,76,29942.984,29947.852,1.625357e-04,1,1
2.2500,16,4,0.024368,396,76,29942.984,29947.852,1.625357e-04,1,1
2.2500,16,6,0.067912,796,76,29942.984,29947.852,1.625357e-04,1,1
2.2500,16,8,0.153536,1356,76,29942.984,29947.852,1.625357e-04,1,1
2.2500,16,10,0.314828,2076,76,29942.984,29947.852,1.625357e-04,1,1
2.2500,16,12,0.601613,2956,76,29942.984,29947.852,1.625357e-04,1,1
2.2500,16,14,0.993398,3996,76,29942.984,29947.852,1.625357e-04,1,1
2.2500,16,16,1.578079,5196,76,29942.984,29947.852,1.625357e-04,1,1
2.2500,32,4,0.028327,464,140,29946.628,29947.852,4.086763e-05,1,1
2.2500,32,6,0.073910,860,140,29946.628,29947.852,4.086763e-05,1,1
2.2500,32,8,0.169806,1420,140,29946.628,29947.852,4.086763e-05,1,1
2.2500,32,10,0.334104,2140,140,29946.628,29947.852,4.086763e-05,1,1
2.2500,32,12,0.625499,3020,140,29946.628,29947.852,4.086763e-05,1,1
2.2500,32,14,1.031310,4060,140,29946.628,29947.852,4.086763e-05,1,1
2.2500,32,16,1.617401,5260,140,29946.628,29947.852,4.086763e-05,1,1
2.2500,64,4,0.032695,592,268,29947.545,29947.852,1.023224e-05,1,1
2.2500,64,6,0.082369,988,268,29947.545,29947.852,1.023224e-05,1,1
2.2500,64,8,0.179051,1548,268,29947.545,29947.852,1.023224e-05,1,1
2.2500,64,10,0.357790,2268,268,29947.545,29947.852,1.023224e-05,1,1
2.2500,64,12,0.666746,3148,268,29947.545,29947.852,1.023224e-05,1,1
2.2500,64,14,1.080703,4188,268,29947.545,29947.852,1.023224e-05,1,1
2.2500,64,16,1.669380,5388,268,29947.545,29947.852,1.023224e-05,1,1
2.7500,8,4,0.023798,396,76,29914.828,29922.1,2.430120e-04,1,1
2.7500,8,6,0.066418,796,76,29914.828,29922.1,2.430120e-04,1,1
2.7500,8,8,0.154006,1356,76,29914.828,29922.1,2.430120e-04,1,1
2.7500,8,10,0.314878,2076,76,29914.828,29922.1,2.430120e-04,1,1
2.7500,8,12,0.600729,2956,76,29914.828,29922.1,2.430120e-04,1,1
2.7500,8,14,1.003199,3996,76,29914.828,29922.1,2.430120e-04,1,1
2.7500,8,16,1.584112,5196,76,29914.828,29922.1,2.430120e-04,1,1
2.7500,16,4,0.024940,396,76,29914.828,29922.1,2.430120e-04,1,1
2.7500,16,6,0.068157,796,76,29914.828,29922.1,2.430120e-04,1,1
2.7500,16,8,0.152126,1356,76,29914.828,29922.1,2.430120e-04,1,1
2.7500,16,10,0.317558,2076,76,29914.828,29922.1,2.430120e-04,1,1
2.7500,16,12,0.598851,2956,76,29914.828,29922.1,2.430120e-04,1,1
2.7500,16,14,0.995268,3996,76,29914.828,29922.1,2.430120e-04,1,1
2.7500,16,16,1.590708,5196,76,29914.828,29922.1,2.430120e-04,1,1
2.7500,32,4,0.027961,464,140,29920.271,29922.1,6.110752e-05,1,1
2.7500,32,6,0.073387,860,140,29920.271,29922.1,6.110752e-05,1,1
2.7500,32,8,0.163555,1420,140,29920.271,29922.1,6.110752e-05,1,1
2.7500,32,10,0.331029,2140,140,29920.271,29922.1,6.110752e-05,1,1
2.7500,32,12,0.628489,3020,140,29920.271,29922.1,6.110752e-05,1,1
2.7500,32,14,1.029505,4060,140,29920.271,29922.1,6.110752e-05,1,1
2.7500,32,16,1.619763,5260,140,29920.271,29922.1,6.110752e-05,1,1
2.7500,64,4,0.033019,592,268,29921.642,29922.1,1.529895e-05,1,1
2.7500,64,6,0.083605,988,268,29921.642,29922.1,1.529895e-05,1,1
2.7500,64,8,0.179857,1548,268,29921.642,29922.1,1.529895e-05,1,1
2.7500,64,10,0.358534,2268,268,29921.642,29922.1,1.529895e-05,1,1
2.7500,64,12,0.653288,3148,268,29921.642,29922.1,1.529895e-05,1,1
2.7500,64,14,1.072475,4188,268,29921.642,29922.1,1.529895e-05,1,1
2.7500,64,16,1.694348,5388,268,29921.642,29922.1,1.529895e-05,1,1
3.2500,8,4,0.025095,396,76,29881.041,29891.197,3.397617e-04,1,1
3.2500,8,6,0.068557,796,76,29881.041,29891.197,3.397617e-04,1,1
3.2500,8,8,0.159416,1356,76,29881.041,29891.197,3.397617e-04,1,1
3.2500,8,10,0.320668,2076,76,29881.041,29891.197,3.397617e-04,1,1
3.2500,8,12,0.611928,2956,76,29881.041,29891.197,3.397617e-04,1,1
3.2500,8,14,1.011227,3996,76,29881.041,29891.197,3.397617e-04,1,1
3.2500,8,16,1.580401,5196,76,29881.041,29891.197,3.397617e-04,1,1
3.2500,16,4,0.024969,396,76,29881.041,29891.197,3.397617e-04,1,1
3.2500,16,6,0.068404,796,76,29881.041,29891.197,3.397617e-04,1,1
3.2500,16,8,0.156516,1356,76,29881.041,29891.197,3.397617e-04,1,1
3.2500,16,10,0.320816,2076,76,29881.041,29891.197,3.397617e-04,1,1
3.2500,16,12,0.603878,2956,76,29881.041,29891.197,3.397617e-04,1,1
3.2500,16,14,1.008368,3996,76,29881.041,29891.197,3.397617e-04,1,1
3.2500,16,16,1.617078,5196,76,29881.041,29891.197,3.397617e-04,1,1
3.2500,32,4,0.028848,464,140,29888.643,29891.197,8.543040e-05,1,1
3.2500,32,6,0.073693,860,140,29888.643,29891.197,8.543040e-05,1,1
3.2500,32,8,0.161333,1420,140,29888.643,29891.197,8.543040e-05,1,1
3.2500,32,10,0.330591,2140,140,29888.643,29891.197,8.543040e-05,1,1
3.2500,32,12,0.618870,3020,140,29888.643,29891.197,8.543040e-05,1,1
3.2500,32,14,1.028034,4060,140,29888.643,29891.197,8.543040e-05,1,1
3.2500,32,16,1.646396,5260,140,29888.643,29891.197,8.543040e-05,1,1
3.2500,64,4,0.033463,592,268,29890.558,29891.197,2.138573e-05,1,1
3.2500,64,6,0.086942,988,268,29890.558,29891.197,2.138573e-05,1,1
3.2500,64,8,0.182513,1548,268,29890.558,29891.197,2.138573e-05,1,1
3.2500,64,10,0.363632,2268,268,29890.558,29891.197,2.138573e-05,1,1
3.2500,64,12,0.685026,3148,268,29890.558,29891.197,2.138573e-05,1,1
3.2500,64,14,1.117589,4188,268,29890.558,29891.197,2.138573e-05,1,1
3.2500,64,16,1.703403,5388,268,29890.558,29891.197,2.138573e-05,1,1
3.7500,8,4,0.024395,396,76,29841.623,29855.144,4.528892e-04,1,1
3.7500,8,6,0.068390,796,76,29841.623,29855.144,4.528892e-04,1,1
3.7500,8,8,0.153076,1356,76,29841.623,29855.144,4.528892e-04,1,1
3.7500,8,10,0.320448,2076,76,29841.623,29855.144,4.528892e-04,1,1
3.7500,8,12,0.593263,2956,76,29841.623,29855.144,4.528892e-04,1,1
3.7500,8,14,0.996951,3996,76,29841.623,29855.144,4.528892e-04,1,1
3.7500,8,16,1.598254,5196,76,29841.623,29855.144,4.528892e-04,1,1
3.7500,16,4,0.025158,396,76,29841.623,29855.144,4.528892e-04,1,1
3.7500,16,6,0.073539,796,76,29841.623,29855.144,4.528892e-04,1,1
3.7500,16,8,0.159332,1356,76,29841.623,29855.144,4.528892e-04,1,1
3.7500,16,10,0.330496,2076,76,29841.623,29855.144,4.528892e-04,1,1
3.7500,16,12,0.610962,2956,76,29841.623,29855.144,4.528892e-04,1,1
3.7500,16,14,1.010195,3996,76,29841.623,29855.144,4.528892e-04,1,1
3.7500,16,16,1.598688,5196,76,29841.623,29855.144,4.528892e-04,1,1
3.7500,32,4,0.027752,464,140,29851.744,29855.144,1.138780e-04,1,1
3.7500,32,6,0.073275,860,140,29851.744,29855.144,1.138780e-04,1,1
3.7500,32,8,0.165602,1420,140,29851.744,29855.144,1.138780e-04,1,1
3.7500,32,10,0.331392,2140,140,29851.744,29855.144,1.138780e-04,1,1
3.7500,32,12,0.644043,3020,140,29851.744,29855.144,1.138780e-04,1,1
3.7500,32,14,1.100208,4060,140,29851.744,29855.144,1.138780e-04,1,1
3.7500,32,16,1.695449,5260,140,29851.744,29855.144,1.138780e-04,1,1
3.7500,64,4,0.038238,592,268,29854.293,29855.144,2.851053e-05,1,1
3.7500,64,6,0.093072,988,268,29854.293,29855.144,2.851053e-05,1,1
3.7500,64,8,0.199062,1548,268,29854.293,29855.144,2.851053e-05,1,1
3.7500,64,10,0.379225,2268,268,29854.293,29855.144,2.851053e-05,1,1
3.7500,64,12,0.676680,3148,268,29854.293,29855.144,2.851053e-05,1,1
3.7500,64,14,1.123315,4188,268,29854.293,29855.144,2.851053e-05,1,1
3.7500,64,16,1.711471,5388,268,29854.293,29855.144,2.851053e-05,1,1
4.2500,8,4,0.024453,396,76,29796.573,29813.94,5.825217e-04,1,1
4.2500,8,6,0.069362,796,76,29796.573,29813.94,5.825217e-04,1,1
4.2500,8,8,0.158623,1356,76,29796.573,29813.94,5.825217e-04,1,1
4.2500,8,10,0.322328,2076,76,29796.573,29813.94,5.825217e-04,1,1
4.2500,8,12,0.600181,2956,76,29796.573,29813.94,5.825217e-04,1,1
4.2500,8,14,0.999431,3996,76,29796.573,29813.94,5.825217e-04,1,1
4.2500,8,16,1.569159,5196,76,29796.573,29813.94,5.825217e-04,1,1
4.2500,16,4,0.023982,396,76,29796.573,29813.94,5.825217e-04,1,1
4.2500,16,6,0.068101,796,76,29796.573,29813.94,5.825217e-04,1,1
4.2500,16,8,0.152356,1356,76,29796.573,29813.94,5.825217e-04,1,1
4.2500,16,10,0.314535,2076,76,29796.573,29813.94,5.825217e-04,1,1
4.2500,16,12,0.592753,2956,76,29796.573,29813.94,5.825217e-04,1,1
4.2500,16,14,0.993115,3996,76,29796.573,29813.94,5.825217e-04,1,1
4.2500,16,16,1.558426,5196,76,29796.573,29813.94,5.825217e-04,1,1
4.2500,32,4,0.028224,464,140,29809.573,29813.94,1.464775e-04,1,1
4.2500,32,6,0.074156,860,140,29809.573,29813.94,1.464775e-04,1,1
4.2500,32,8,0.163001,1420,140,29809.573,29813.94,1.464775e-04,1,1
4.2500,32,10,0.334703,2140,140,29809.573,29813.94,1.464775e-04,1,1
4.2500,32,12,0.628606,3020,140,29809.573,29813.94,1.464775e-04,1,1
4.2500,32,14,1.045866,4060,140,29809.573,29813.94,1.464775e-04,1,1
4.2500,32,16,1.631786,5260,140,29809.573,29813.94,1.464775e-04,1,1
4.2500,64,4,0.032827,588,268,29812.847,29813.94,3.667353e-05,1,1
4.2500,64,6,0.083176,988,268,29812.847,29813.94,3.667353e-05,1,1
4.2500,64,8,0.184495,1548,268,29812.847,29813.94,3.667353e-05,1,1
4.2500,64,10,0.357977,2268,268,29812.847,29813.94,3.667353e-05,1,1
4.2500,64,12,0.666768,3148,268,29812.847,29813.94,3.667353e-05,1,1
4.2500,64,14,1.074376,4188,268,29812.847,29813.94,3.667353e-05,1,1
4.2500,64,16,1.695680,5388,268,29812.847,29813.94,3.667353e-05,1,1
4.7500,8,4,0.025091,396,76,29745.892,29767.586,7.287773e-04,1,1
4.7500,8,6,0.067700,796,76,29745.892,29767.586,7.287773e-04,1,1
4.7500,8,8,0.156680,1356,76,29745.892,29767.586,7.287773e-04,1,1
4.7500,8,10,0.322663,2076,76,29745.892,29767.586,7.287773e-04,1,1
4.7500,8,12,0.600976,2956,76,29745.892,29767.586,7.287773e-04,1,1
4.7500,8,14,1.015831,3996,76,29745.892,29767.586,7.287773e-04,1,1
4.7500,8,16,1.583384,5196,76,29745.892,29767.586,7.287773e-04,1,1
4.7500,16,4,0.025974,396,76,29745.892,29767.586,7.287773e-04,1,1
4.7500,16,6,0.067516,796,76,29745.892,29767.586,7.287773e-04,1,1
4.7500,16,8,0.155209,1356,76,29745.892,29767.586,7.287773e-04,1,1
4.7500,16,10,0.316327,2076,76,29745.892,29767.586,7.287773e-04,1,1
4.7500,16,12,0.596634,2956,76,29745.892,29767.586,7.287773e-04,1,1
4.7500,16,14,1.008705,3996,76,29745.892,29767.586,7.287773e-04,1,1
4.7500,16,16,1.622583,5196,76,29745.892,29767.586,7.287773e-04,1,1
4.7500,32,4,0.028186,464,140,29762.131,29767.586,1.832516e-04,1,1
4.7500,32,6,0.073920,860,140,29762.131,29767.586,1.832516e-04,1,1
4.7500,32,8,0.168294,1420,140,29762.131,29767.586,1.832516e-04,1,1
4.7500,32,10,0.341592,2140,140,29762.131,29767.586,1.832516e-04,1,1
4.7500,32,12,0.628777,3020,140,29762.131,29767.586,1.832516e-04,1,1
4.7500,32,14,1.058008,4060,140,29762.131,29767.586,1.832516e-04,1,1
4.7500,32,16,1.620360,5260,140,29762.131,29767.586,1.832516e-04,1,1
4.7500,64,4,0.033738,588,268,29766.22,29767.586,4.588045e-05,1,1
4.7500,64,6,0.085512,988,268,29766.22,29767.586,4.588045e-05,1,1
4.7500,64,8,0.180308,1548,268,29766.22,29767.586,4.588045e-05,1,1
4.7500,64,10,0.359969,2268,268,29766.22,29767.586,4.588045e-05,1,1
4.7500,64,12,0.675947,3148,268,29766.22,29767.586,4.588045e-05,1,1
4.7500,64,14,1.100664,4188,268,29766.22,29767.586,4.588045e-05,1,1
4.7500,64,16,1.712580,5388,268,29766.22,29767.586,4.588045e-05,1,1
5.2500,8,4,0.024941,400,76,29689.58,29716.082,8.918189e-04,1,1
5.2500,8,6,0.068462,796,76,29689.58,29716.082,8.918189e-04,1,1
5.2500,8,8,0.155113,1356,76,29689.58,29716.082,8.918189e-04,1,1
5.2500,8,10,0.320225,2076,76,29689.58,29716.082,8.918189e-04,1,1
5.2500,8,12,0.592987,2956,76,29689.58,29716.082,8.918189e-04,1,1
5.2500,8,14,0.999947,3996,76,29689.58,29716.082,8.918189e-04,1,1
5.2500,8,16,1.589773,5196,76,29689.58,29716.082,8.918189e-04,1,1
5.2500,16,4,0.023991,400,76,29689.58,29716.082,8.918189e-04,1,1
5.2500,16,6,0.067958,796,76,29689.58,29716.082,8.918189e-04,1,1
5.2500,16,8,0.152479,1356,76,29689.58,29716.082,8.918189e-04,1,1
5.2500,16,10,0.318987,2076,76,29689.58,29716.082,8.918189e-04,1,1
5.2500,16,12,0.601227,2956,76,29689.58,29716.082,8.918189e-04,1,1
5.2500,16,14,1.005673,3996,76,29689.58,29716.082,8.918189e-04,1,1
5.2500,16,16,0.744700,5196,76,29689.58,29716.082,8.918189e-04,1,1
5.2500,32,4,0.011150,468,140,29709.418,29716.082,2.242454e-04,1,1
5.2500,32,6,0.028586,860,140,29709.418,29716.082,2.242454e-04,1,1
5.2500,32,8,0.065051,1420,140,29709.418,29716.082,2.242454e-04,1,1
5.2500,32,10,0.138752,2140,140,29709.418,29716.082,2.242454e-04,1,1
5.2500,32,12,0.259508,3020,140,29709.418,29716.082,2.242454e-04,1,1
5.2500,32,14,0.426048,4060,140,29709.418,29716.082,2.242454e-04,1,1
5.2500,32,16,1.518234,5260,140,29709.418,29716.082,2.242454e-04,1,1
5.2500,64,4,0.033145,592,268,29714.413,29716.082,5.614151e-05,1,1
5.2500,64,6,0.083127,988,268,29714.413,29716.082,5.614151e-05,1,1
5.2500,64,8,0.180576,1548,268,29714.413,29716.082,5.614151e-05,1,1
5.2500,64,10,0.361485,2268,268,29714.413,29716.082,5.614151e-05,1,1
5.2500,64,12,0.689371,3148,268,29714.413,29716.082,5.614151e-05,1,1
5.2500,64,14,1.103838,4188,268,29714.413,29716.082,5.614151e-05,1,1
5.2500,64,16,1.697297,5388,268,29714.413,29716.082,5.614151e-05,1,1
5.7500,8,4,0.026422,400,76,29627.637,29659.427,1.071831e-03,1,1
5.7500,8,6,0.069851,796,76,29627.637,29659.427,1.071831e-03,1,1
5.7500,8,8,0.159088,1356,76,29627.637,29659.427,1.071831e-03,1,1
5.7500,8,10,0.326716,2076,76,29627.637,29659.427,1.071831e-03,1,1
5.7500,8,12,0.615837,2956,76,29627.637,29659.427,1.071831e-03,1,1
5.7500,8,14,1.021161,3996,76,29627.637,29659.427,1.071831e-03,1,1
5.7500,8,16,1.612949,5196,76,29627.637,29659.427,1.071831e-03,1,1
5.7500,16,4,0.025475,400,76,29627.637,29659.427,1.071831e-03,1,1
5.7500,16,6,0.067992,796,76,29627.637,29659.427,1.071831e-03,1,1
5.7500,16,8,0.157493,1356,76,29627.637,29659.427,1.071831e-03,1,1
5.7500,16,10,0.317606,2076,76,29627.637,29659.427,1.071831e-03,1,1
5.7500,16,12,0.608762,2956,76,29627.637,29659.427,1.071831e-03,1,1
5.7500,16,14,1.013894,3996,76,29627.637,29659.427,1.071831e-03,1,1
5.7500,16,16,1.588536,5196,76,29627.637,29659.427,1.071831e-03,1,1
5.7500,32,4,0.028199,468,140,29651.433,29659.427,2.695157e-04,1,1
5.7500,32,6,0.076089,860,140,29651.433,29659.427,2.695157e-04,1,1
5.7500,32,8,0.163411,1420,140,29651.433,29659.427,2.695157e-04,1,1
5.7500,32,10,0.338421,2140,140,29651.433,29659.427,2.695157e-04,1,1
5.7500,32,12,0.634461,3020,140,29651.433,29659.427,2.695157e-04,1,1
5.7500,32,14,1.036005,4060,140,29651.433,29659.427,2.695157e-04,1,1
5.7500,32,16,1.670510,5260,140,29651.433,29659.427,2.695157e-04,1,1
5.7500,64,4,0.033325,592,268,29657.426,29659.427,6.747547e-05,1,1
5.7500,64,6,0.083801,988,268,29657.426,29659.427,6.747547e-05,1,1
5.7500,64,8,0.181098,1548,268,29657.426,29659.427,6.747547e-05,1,1
5.7500,64,10,0.365364,2268,268,29657.426,29659.427,6.747547e-05,1,1
5.7500,64,12,0.689487,3148,268,29657.426,29659.427,6.747547e-05,1,1
5.7500,64,14,1.120223,4188,268,29657.426,29659.427,6.747547e-05,1,1
5.7500,64,16,1.683178,5388,268,29657.426,29659.427,6.747547e-05,1,1
6.2500,8,4,0.024687,400,76,29560.063,29597.622,1.268974e-03,1,1
6.2500,8,6,0.068256,796,76,29560.063,29597.622,1.268974e-03,1,1
6.2500,8,8,0.155815,1356,76,29560.063,29597.622,1.268974e-03,1,1
6.2500,8,10,0.316888,2076,76,29560.063,29597.622,1.268974e-03,1,1
6.2500,8,12,0.601087,2956,76,29560.063,29597.622,1.268974e-03,1,1
6.2500,8,14,0.994489,3996,76,29560.063,29597.622,1.268974e-03,1,1
6.2500,8,16,1.576828,5196,76,29560.063,29597.622,1.268974e-03,1,1
6.2500,16,4,0.024675,400,76,29560.063,29597.622,1.268974e-03,1,1
6.2500,16,6,0.068587,796,76,29560.063,29597.622,1.268974e-03,1,1
6.2500,16,8,0.153452,1356,76,29560.063,29597.622,1.268974e-03,1,1
6.2500,16,10,0.323090,2076,76,29560.063,29597.622,1.268974e-03,1,1
6.2500,16,12,0.601076,2956,76,29560.063,29597.622,1.268974e-03,1,1
6.2500,16,14,1.042631,3996,76,29560.063,29597.622,1.268974e-03,1,1
6.2500,16,16,1.635922,5196,76,29560.063,29597.622,1.268974e-03,1,1
6.2500,32,4,0.028399,464,140,29588.178,29597.622,3.190803e-04,1,1
6.2500,32,6,0.078872,860,140,29588.178,29597.622,3.190803e-04,1,1
6.2500,32,8,0.169916,1420,140,29588.178,29597.622,3.190803e-04,1,1
6.2500,32,10,0.331598,2140,140,29588.178,29597.622,3.190803e-04,1,1
6.2500,32,12,0.638234,3020,140,29588.178,29597.622,3.190803e-04,1,1
6.2500,32,14,1.059846,4060,140,29588.178,29597.622,3.190803e-04,1,1
6.2500,32,16,1.603660,5260,140,29588.178,29597.622,3.190803e-04,1,1
6.2500,64,4,0.032662,592,268,29595.257,29597.622,7.988493e-05,1,1
6.2500,64,6,0.085118,988,268,29595.257,29597.622,7.988493e-05,1,1
6.2500,64,8,0.189338,1548,268,29595.257,29597.622,7.988493e-05,1,1
6.2500,64,10,0.363559,2268,268,29595.257,29597.622,7.988493e-05,1,1
6.2500,64,12,0.675148,3148,268,29595.257,29597.622,7.988493e-05,1,1
6.2500,64,14,1.089905,4188,268,29595.257,29597.622,7.988493e-05,1,1
6.2500,64,16,1.662253,5388,268,29595.257,29597.622,7.988493e-05,1,1
6.7500,8,4,0.024461,400,76,29486.858,29530.666,1.483483e-03,1,1
6.7500,8,6,0.067478,796,76,29486.858,29530.666,1.483483e-03,1,1
6.7500,8,8,0.154156,1356,76,29486.858,29530.666,1.483483e-03,1,1
6.7500,8,10,0.313690,2076,76,29486.858,29530.666,1.483483e-03,1,1
6.7500,8,12,0.596270,2956,76,29486.858,29530.666,1.483483e-03,1,1
6.7500,8,14,0.985161,3996,76,29486.858,29530.666,1.483483e-03,1,1
6.7500,8,16,1.553715,5196,76,29486.858,29530.666,1.483483e-03,1,1
6.7500,16,4,0.024406,400,76,29486.858,29530.666,1.483483e-03,1,1
6.7500,16,6,0.067259,796,76,29486.858,29530.666,1.483483e-03,1,1
6.7500,16,8,0.154463,1356,76,29486.858,29530.666,1.483483e-03,1,1
6.7500,16,10,0.313025,2076,76,29486.858,29530.666,1.483483e-03,1,1
6.7500,16,12,0.594259,2956,76,29486.858,29530.666,1.483483e-03,1,1
6.7500,16,14,0.983856,3996,76,29486.858,29530.666,1.483483e-03,1,1
6.7500,16,16,1.563913,5196,76,29486.858,29530.666,1.483483e-03,1,1
6.7500,32,4,0.027980,464,140,29519.65,29530.666,3.730221e-04,1,1
6.7500,32,6,0.074921,864,140,29519.65,29530.666,3.730221e-04,1,1
6.7500,32,8,0.164587,1420,140,29519.65,29530.666,3.730221e-04,1,1
6.7500,32,10,0.333976,2140,140,29519.65,29530.666,3.730221e-04,1,1
6.7500,32,12,0.633511,3020,140,29519.65,29530.666,3.730221e-04,1,1
6.7500,32,14,1.029411,4060,140,29519.65,29530.666,3.730221e-04,1,1
6.7500,32,16,1.606949,5260,140,29519.65,29530.666,3.730221e-04,1,1
6.7500,64,4,0.032620,596,268,29527.908,29530.666,9.339000e-05,1,1
6.7500,64,6,0.084925,992,268,29527.908,29530.666,9.339000e-05,1,1
6.7500,64,8,0.189040,1548,268,29527.908,29530.666,9.339000e-05,1,1
6.7500,64,10,0.370132,2268,268,29527.908,29530.666,9.339000e-05,1,1
6.7500,64,12,0.662665,3148,268,29527.908,29530.666,9.339000e-05,1,1
6.7500,64,14,1.073195,4188,268,29527.908,29530.666,9.339000e-05,1,1
6.7500,64,16,1.666451,5388,268,29527.908,29530.666,9.339000e-05,1,1
7.2500,8,4,0.024867,400,76,29408.021,29458.56,1.715583e-03,1,1
7.2500,8,6,0.067267,796,76,29408.021,29458.56,1.715583e-03,1,1
7.2500,8,8,0.153656,1356,76,29408.021,29458.56,1.715583e-03,1,1
7.2500,8,10,0.315857,2076,76,29408.021,29458.56,1.715583e-03,1,1
7.2500,8,12,0.591393,2956,76,29408.021,29458.56,1.715583e-03,1,1
7.2500,8,14,0.999171,3996,76,29408.021,29458.56,1.715583e-03,1,1
7.2500,8,16,1.569289,5180,76,29408.021,29458.56,1.715583e-03,1,1
7.2500,16,4,0.024576,400,76,29408.021,29458.56,1.715583e-03,1,1
7.2500,16,6,0.068072,796,76,29408.021,29458.56,1.715583e-03,1,1
7.2500,16,8,0.150596,1356,76,29408.021,29458.56,1.715583e-03,1,1
7.2500,16,10,0.313788,2076,76,29408.021,29458.56,1.715583e-03,1,1
7.2500,16,12,0.592066,2956,76,29408.021,29458.56,1.715583e-03,1,1
7.2500,16,14,0.992412,3996,76,29408.021,29458.56,1.715583e-03,1,1
7.2500,16,16,1.563076,5180,76,29408.021,29458.56,1.715583e-03,1,1
7.2500,32,4,0.028250,464,140,29445.852,29458.56,4.313716e-04,1,1
7.2500,32,6,0.073777,860,140,29445.852,29458.56,4.313716e-04,1,1
7.2500,32,8,0.164882,1420,140,29445.852,29458.56,4.313716e-04,1,1
7.2500,32,10,0.331916,2140,140,29445.852,29458.56,4.313716e-04,1,1
7.2500,32,12,0.625921,3020,140,29445.852,29458.56,4.313716e-04,1,1
7.2500,32,14,1.016666,4060,140,29445.852,29458.56,4.313716e-04,1,1
7.2500,32,16,1.595335,5244,140,29445.852,29458.56,4.313716e-04,1,1
7.2500,64,4,0.032250,596,268,29455.378,29458.56,1.080007e-04,1,1
7.2500,64,6,0.083864,988,268,29455.378,29458.56,1.080007e-04,1,1
7.2500,64,8,0.181350,1548,268,29455.378,29458.56,1.080007e-04,1,1
7.2500,64,10,0.360027,2268,268,29455.378,29458.56,1.080007e-04,1,1
7.2500,64,12,0.658479,3148,268,29455.378,29458.56,1.080007e-04,1,1
7.2500,64,14,1.076815,4188,268,29455.378,29458.56,1.080007e-04,1,1
7.2500,64,16,1.687695,5372,268,29455.378,29458.56,1.080007e-04,1,1
7.7500,8,4,0.024398,404,76,29323.552,29381.303,1.965556e-03,1,1
7.7500,8,6,0.068381,796,76,29323.552,29381.303,1.965556e-03,1,1
7.7500,8,8,0.153927,1356,76,29323.552,29381.303,1.965556e-03,1,1
7.7500,8,10,0.311989,2076,76,29323.552,29381.303,1.965556e-03,1,1
7.7500,8,12,0.588374,2956,76,29323.552,29381.303,1.965556e-03,1,1
7.7500,8,14,0.993499,3996,76,29323.552,29381.303,1.965556e-03,1,1
7.7500,8,16,1.559739,5180,76,29323.552,29381.303,1.965556e-03,1,1
7.7500,16,4,0.024249,404,76,29323.552,29381.303,1.965556e-03,1,1
7.7500,16,6,0.068527,796,76,29323.552,29381.303,1.965556e-03,1,1
7.7500,16,8,0.152561,1356,76,29323.552,29381.303,1.965556e-03,1,1
7.7500,16,10,0.315269,2076,76,29323.552,29381.303,1.965556e-03,1,1
7.7500,16,12,0.595355,2956,76,29323.552,29381.303,1.965556e-03,1,1
7.7500,16,14,0.991676,3996,76,29323.552,29381.303,1.965556e-03,1,1
7.7500,16,16,1.561889,5180,76,29323.552,29381.303,1.965556e-03,1,1
7.7500,32,4,0.027953,464,140,29366.781,29381.303,4.942444e-04,1,1
7.7500,32,6,0.073334,860,140,29366.781,29381.303,4.942444e-04,1,1
7.7500,32,8,0.164042,1420,140,29366.781,29381.303,4.942444e-04,1,1
7.7500,32,10,0.333666,2140,140,29366.781,29381.303,4.942444e-04,1,1
7.7500,32,12,0.619270,3020,140,29366.781,29381.303,4.942444e-04,1,1
7.7500,32,14,1.027316,4060,140,29366.781,29381.303,4.942444e-04,1,1
7.7500,32,16,1.608528,5244,140,29366.781,29381.303,4.942444e-04,1,1
7.7500,64,4,0.033075,596,268,29377.667,29381.303,1.237462e-04,1,1
7.7500,64,6,0.085215,988,268,29377.667,29381.303,1.237462e-04,1,1
7.7500,64,8,0.183704,1548,268,29377.667,29381.303,1.237462e-04,1,1
7.7500,64,10,0.359569,2268,268,29377.667,29381.303,1.237462e-04,1,1
7.7500,64,12,0.666045,3148,268,29377.667,29381.303,1.237462e-04,1,1
7.7500,64,14,1.095822,4188,268,29377.667,29381.303,1.237462e-04,1,1
7.7500,64,16,1.693254,5372,268,29377.667,29381.303,1.237462e-04,1,1
8.2500,8,4,0.023905,396,76,29233.453,29298.896,2.233615e-03,1,1
8.2500,8,6,0.069946,796,76,29233.453,29298.896,2.233615e-03,1,1
8.2500,8,8,0.152246,1356,76,29233.453,29298.896,2.233615e-03,1,1
8.2500,8,10,0.321051,2076,76,29233.453,29298.896,2.233615e-03,1,1
8.2500,8,12,0.591554,2956,76,29233.453,29298.896,2.233615e-03,1,1
8.2500,8,14,0.983881,3980,76,29233.453,29298.896,2.233615e-03,1,1
8.2500,8,16,1.551746,5180,76,29233.453,29298.896,2.233615e-03,1,1
8.2500,16,4,0.024089,396,76,29233.453,29298.896,2.233615e-03,1,1
8.2500,16,6,0.068119,796,76,29233.453,29298.896,2.233615e-03,1,1
8.2500,16,8,0.153868,1356,76,29233.453,29298.896,2.233615e-03,1,1
8.2500,16,10,0.315743,2076,76,29233.453,29298.896,2.233615e-03,1,1
8.2500,16,12,0.593148,2956,76,29233.453,29298.896,2.233615e-03,1,1
8.2500,16,14,0.985288,3980,76,29233.453,29298.896,2.233615e-03,1,1
8.2500,16,16,1.572356,5180,76,29233.453,29298.896,2.233615e-03,1,1
8.2500,32,4,0.026559,460,140,29282.44,29298.896,5.616450e-04,1,1
8.2500,32,6,0.073253,860,140,29282.44,29298.896,5.616450e-04,1,1
8.2500,32,8,0.164303,1420,140,29282.44,29298.896,5.616450e-04,1,1
8.2500,32,10,0.332038,2140,140,29282.44,29298.896,5.616450e-04,1,1
8.2500,32,12,0.617712,3020,140,29282.44,29298.896,5.616450e-04,1,1
8.2500,32,14,1.026348,4044,140,29282.44,29298.896,5.616450e-04,1,1
8.2500,32,16,1.595904,5244,140,29282.44,29298.896,5.616450e-04,1,1
8.2500,64,4,0.032797,592,268,29294.776,29298.896,1.406167e-04,1,1
8.2500,64,6,0.084494,988,268,29294.776,29298.896,1.406167e-04,1,1
8.2500,64,8,0.182502,1548,268,29294.776,29298.896,1.406167e-04,1,1
8.2500,64,10,0.362594,2268,268,29294.776,29298.896,1.406167e-04,1,1
8.2500,64,12,0.664614,3148,268,29294.776,29298.896,1.406167e-04,1,1
8.2500,64,14,1.088227,4172,268,29294.776,29298.896,1.406167e-04,1,1
8.2500,64,16,1.661473,5372,268,29294.776,29298.896,1.406167e-04,1,1
8.7500,8,4,0.025360,396,76,29137.723,29211.338,2.520085e-03,1,1
8.7500,8,6,0.066244,796,76,29137.723,29211.338,2.520085e-03,1,1
8.7500,8,8,0.153446,1356,76,29137.723,29211.338,2.520085e-03,1,1
8.7500,8,10,0.313918,2076,76,29137.723,29211.338,2.520085e-03,1,1
8.7500,8,12,0.592931,2956,76,29137.723,29211.338,2.520085e-03,1,1
8.7500,8,14,0.986814,3980,76,29137.723,29211.338,2.520085e-03,1,1
8.7500,8,16,1.588137,5180,76,29137.723,29211.338,2.520085e-03,1,1
8.7500,16,4,0.024319,396,76,29137.723,29211.338,2.520085e-03,1,1
8.7500,16,6,0.066074,796,76,29137.723,29211.338,2.520085e-03,1,1
8.7500,16,8,0.152397,1356,76,29137.723,29211.338,2.520085e-03,1,1
8.7500,16,10,0.313008,2076,76,29137.723,29211.338,2.520085e-03,1,1
8.7500,16,12,0.593443,2956,76,29137.723,29211.338,2.520085e-03,1,1
8.7500,16,14,0.987030,3980,76,29137.723,29211.338,2.520085e-03,1,1
8.7500,16,16,1.555161,5180,76,29137.723,29211.338,2.520085e-03,1,1
8.7500,32,4,0.028757,460,140,29192.828,29211.338,6.336740e-04,1,1
8.7500,32,6,0.074941,860,140,29192.828,29211.338,6.336740e-04,1,1
8.7500,32,8,0.163622,1420,140,29192.828,29211.338,6.336740e-04,1,1
8.7500,32,10,0.333097,2140,140,29192.828,29211.338,6.336740e-04,1,1
8.7500,32,12,0.619314,3020,140,29192.828,29211.338,6.336740e-04,1,1
8.7500,32,14,1.035279,4044,140,29192.828,29211.338,6.336740e-04,1,1
8.7500,32,16,1.604549,5244,140,29192.828,29211.338,6.336740e-04,1,1
8.7500,64,4,0.033586,588,268,29206.704,29211.338,1.586500e-04,1,1
8.7500,64,6,0.085206,988,268,29206.704,29211.338,1.586500e-04,1,1
8.7500,64,8,0.181833,1548,268,29206.704,29211.338,1.586500e-04,1,1
8.7500,64,10,0.367803,2268,268,29206.704,29211.338,1.586500e-04,1,1
8.7500,64,12,0.662130,3148,268,29206.704,29211.338,1.586500e-04,1,1
8.7500,64,14,1.076278,4172,268,29206.704,29211.338,1.586500e-04,1,1
8.7500,64,16,1.659982,5372,268,29206.704,29211.338,1.586500e-04,1,1
9.2500,8,4,0.024464,400,76,29036.362,29118.63,2.825285e-03,1,1
9.2500,8,6,0.066889,796,76,29036.362,29118.63,2.825285e-03,1,1
9.2500,8,8,0.152633,1356,76,29036.362,29118.63,2.825285e-03,1,1
9.2500,8,10,0.313433,2076,76,29036.362,29118.63,2.825285e-03,1,1
9.2500,8,12,0.589453,2940,76,29036.362,29118.63,2.825285e-03,1,1
9.2500,8,14,0.991240,3980,76,29036.362,29118.63,2.825285e-03,1,1
9.2500,8,16,1.551501,5180,76,29036.362,29118.63,2.825285e-03,1,1
9.2500,16,4,0.024734,400,76,29036.362,29118.63,2.825285e-03,1,1
9.2500,16,6,0.066136,796,76,29036.362,29118.63,2.825285e-03,1,1
9.2500,16,8,0.154128,1356,76,29036.362,29118.63,2.825285e-03,1,1
9.2500,16,10,0.314078,2076,76,29036.362,29118.63,2.825285e-03,1,1
9.2500,16,12,0.594241,2940,76,29036.362,29118.63,2.825285e-03,1,1
9.2500,16,14,0.979807,3980,76,29036.362,29118.63,2.825285e-03,1,1
9.2500,16,16,1.546342,5180,76,29036.362,29118.63,2.825285e-03,1,1
9.2500,32,4,0.028224,464,140,29097.944,29118.63,7.104171e-04,1,1
9.2500,32,6,0.073263,860,140,29097.944,29118.63,7.104171e-04,1,1
9.2500,32,8,0.164595,1420,140,29097.944,29118.63,7.104171e-04,1,1
9.2500,32,10,0.333447,2140,140,29097.944,29118.63,7.104171e-04,1,1
9.2500,32,12,0.617800,3004,140,29097.944,29118.63,7.104171e-04,1,1
9.2500,32,14,1.026133,4044,140,29097.944,29118.63,7.104171e-04,1,1
9.2500,32,16,1.594530,5244,140,29097.944,29118.63,7.104171e-04,1,1
9.2500,64,4,0.032858,588,268,29113.451,29118.63,1.778580e-04,1,1
9.2500,64,6,0.086370,988,268,29113.451,29118.63,1.778580e-04,1,1
9.2500,64,8,0.180935,1548,268,29113.451,29118.63,1.778580e-04,1,1
9.2500,64,10,0.357646,2268,268,29113.451,29118.63,1.778580e-04,1,1
9.2500,64,12,0.661756,3132,268,29113.451,29118.63,1.778580e-04,1,1
9.2500,64,14,1.074741,4172,268,29113.451,29118.63,1.778580e-04,1,1
9.2500,64,16,1.658551,5340,268,29113.451,29118.63,1.778580e-04,1,1
9.7500,8,4,0.025089,398,76,28929.369,29020.772,3.149575e-03,1,1
9.7500,8,6,0.067044,796,76,28929.369,29020.772,3.149575e-03,1,1
9.7500,8,8,0.153231,1356,76,28929.369,29020.772,3.149575e-03,1,1
9.7500,8,10,0.310856,2076,76,28929.369,29020.772,3.149575e-03,1,1
9.7500,8,12,0.595144,2940,76,28929.369,29020.772,3.149575e-03,1,1
9.7500,8,14,0.996326,3980,76,28929.369,29020.772,3.149575e-03,1,1
9.7500,8,16,1.556122,5148,76,28929.369,29020.772,3.149575e-03,1,1
9.7500,16,4,0.023971,398,76,28929.369,29020.772,3.149575e-03,1,1
9.7500,16,6,0.066900,796,76,28929.369,29020.772,3.149575e-03,1,1
9.7500,16,8,0.152670,1356,76,28929.369,29020.772,3.149575e-03,1,1
9.7500,16,10,0.311914,2076,76,28929.369,29020.772,3.149575e-03,1,1
9.7500,16,12,0.589172,2940,76,28929.369,29020.772,3.149575e-03,1,1
9.7500,16,14,0.982868,3980,76,28929.369,29020.772,3.149575e-03,1,1
9.7500,16,16,1.551394,5148,76,28929.369,29020.772,3.149575e-03,1,1
9.7500,32,4,0.027634,462,140,28997.788,29020.772,7.919616e-04,1,1
9.7500,32,6,0.074662,860,140,28997.788,29020.772,7.919616e-04,1,1
9.7500,32,8,0.166792,1420,140,28997.788,29020.772,7.919616e-04,1,1
9.7500,32,10,0.333999,2140,140,28997.788,29020.772,7.919616e-04,1,1
9.7500,32,12,0.621966,3004,140,28997.788,29020.772,7.919616e-04,1,1
9.7500,32,14,1.021821,4044,140,28997.788,29020.772,7.919616e-04,1,1
9.7500,32,16,1.588409,5212,140,28997.788,29020.772,7.919616e-04,1,1
9.7500,64,4,0.033053,588,268,29015.018,29020.772,1.982721e-04,1,1
9.7500,64,6,0.084496,988,268,29015.018,29020.772,1.982721e-04,1,1
9.7500,64,8,0.183923,1548,268,29015.018,29020.772,1.982721e-04,1,1
9.7500,64,10,0.359651,2268,268,29015.018,29020.772,1.982721e-04,1,1
9.7500,64,12,0.674216,3132,268,29015.018,29020.772,1.982721e-04,1,1
9.7500,64,14,1.076638,4172,268,29015.018,29020.772,1.982721e-04,1,1
9.7500,64,16,1.690710,5340,268,29015.018,29020.772,1.982721e-04,1,1
10.2500,8,4,0.025332,400,76,28816.745,28917.763,3.493284e-03,1,1
10.2500,8,6,0.069144,800,76,28816.745,28917.763,3.493284e-03,1,1
10.2500,8,8,0.155975,1360,76,28816.745,28917.763,3.493284e-03,1,1
10.2500,8,10,0.314137,2076,76,28816.745,28917.763,3.493284e-03,1,1
10.2500,8,12,0.590879,2940,76,28816.745,28917.763,3.493284e-03,1,1
10.2500,8,14,0.981395,3980,76,28816.745,28917.763,3.493284e-03,1,1
10.2500,8,16,1.548434,5148,76,28816.745,28917.763,3.493284e-03,1,1
10.2500,16,4,0.025036,400,76,28816.745,28917.763,3.493284e-03,1,1
10.2500,16,6,0.067325,800,76,28816.745,28917.763,3.493284e-03,1,1
10.2500,16,8,0.154268,1360,76,28816.745,28917.763,3.493284e-03,1,1
10.2500,16,10,0.309840,2076,76,28816.745,28917.763,3.493284e-03,1,1
10.2500,16,12,0.597569,2940,76,28816.745,28917.763,3.493284e-03,1,1
10.2500,16,14,0.984433,3980,76,28816.745,28917.763,3.493284e-03,1,1
10.2500,16,16,1.548068,5148,76,28816.745,28917.763,3.493284e-03,1,1
10.2500,32,4,0.027919,462,140,28892.362,28917.763,8.783801e-04,1,1
10.2500,32,6,0.075033,864,140,28892.362,28917.763,8.783801e-04,1,1
10.2500,32,8,0.166713,1420,140,28892.362,28917.763,8.783801e-04,1,1
10.2500,32,10,0.334238,2140,140,28892.362,28917.763,8.783801e-04,1,1
10.2500,32,12,0.617389,3004,140,28892.362,28917.763,8.783801e-04,1,1
10.2500,32,14,1.014420,4044,140,28892.362,28917.763,8.783801e-04,1,1
10.2500,32,16,1.593207,5212,140,28892.362,28917.763,8.783801e-04,1,1
10.2500,64,4,0.033043,588,268,28911.404,28917.763,2.199085e-04,1,1
10.2500,64,6,0.086316,988,268,28911.404,28917.763,2.199085e-04,1,1
10.2500,64,8,0.181886,1548,268,28911.404,28917.763,2.199085e-04,1,1
10.2500,64,10,0.362799,2268,268,28911.404,28917.763,2.199085e-04,1,1
10.2500,64,12,0.672757,3132,268,28911.404,28917.763,2.199085e-04,1,1
10.2500,64,14,1.081458,4172,268,28911.404,28917.763,2.199085e-04,1,1
10.2500,64,16,1.664267,5308,268,28911.404,28917.763,2.199085e-04,1,1
10.7500,8,4,0.024427,400,76,28698.49,28809.604,3.856822e-03,1,1
10.7500,8,6,0.068872,800,76,28698.49,28809.604,3.856822e-03,1,1
10.7500,8,8,0.151665,1356,76,28698.49,28809.604,3.856822e-03,1,1
10.7500,8,10,0.312830,2076,76,28698.49,28809.604,3.856822e-03,1,1
10.7500,8,12,0.597231,2940,76,28698.49,28809.604,3.856822e-03,1,1
10.7500,8,14,0.983512,3948,76,28698.49,28809.604,3.856822e-03,1,1
10.7500,8,16,1.540565,5148,76,28698.49,28809.604,3.856822e-03,1,1
10.7500,16,4,0.023735,400,76,28698.49,28809.604,3.856822e-03,1,1
10.7500,16,6,0.069437,800,76,28698.49,28809.604,3.856822e-03,1,1
10.7500,16,8,0.154279,1356,76,28698.49,28809.604,3.856822e-03,1,1
10.7500,16,10,0.315206,2076,76,28698.49,28809.604,3.856822e-03,1,1
10.7500,16,12,0.592576,2940,76,28698.49,28809.604,3.856822e-03,1,1
10.7500,16,14,0.984937,3948,76,28698.49,28809.604,3.856822e-03,1,1
10.7500,16,16,1.550102,5148,76,28698.49,28809.604,3.856822e-03,1,1
10.7500,32,4,0.027444,462,140,28781.664,28809.604,9.697971e-04,1,1
10.7500,32,6,0.075428,864,140,28781.664,28809.604,9.697971e-04,1,1
10.7500,32,8,0.162089,1420,140,28781.664,28809.604,9.697971e-04,1,1
10.7500,32,10,0.333645,2144,140,28781.664,28809.604,9.697971e-04,1,1
10.7500,32,12,0.617467,3004,140,28781.664,28809.604,9.697971e-04,1,1
10.7500,32,14,1.019908,4044,140,28781.664,28809.604,9.697971e-04,1,1
10.7500,32,16,1.600255,5216,140,28781.664,28809.604,9.697971e-04,1,1
10.7500,64,4,0.033184,588,268,28802.609,28809.604,2.427986e-04,1,1
10.7500,64,6,0.085167,988,268,28802.609,28809.604,2.427986e-04,1,1
10.7500,64,8,0.182104,1548,268,28802.609,28809.604,2.427986e-04,1,1
10.7500,64,10,0.368359,2272,268,28802.609,28809.604,2.427986e-04,1,1
10.7500,64,12,0.669044,3132,268,28802.609,28809.604,2.427986e-04,1,1
10.7500,64,14,1.102509,4144,268,28802.609,28809.604,2.427986e-04,1,1
10.7500,64,16,1.666594,5344,268,28802.609,28809.604,2.427986e-04,1,1
11.2500,8,4,0.025152,402,76,28574.604,28696.294,4.240611e-03,1,1
11.2500,8,6,0.066812,796,76,28574.604,28696.294,4.240611e-03,1,1
11.2500,8,8,0.152575,1356,76,28574.604,28696.294,4.240611e-03,1,1
11.2500,8,10,0.306320,2060,76,28574.604,28696.294,4.240611e-03,1,1
11.2500,8,12,0.588965,2940,76,28574.604,28696.294,4.240611e-03,1,1
11.2500,8,14,0.990897,3948,76,28574.604,28696.294,4.240611e-03,1,1
11.2500,8,16,1.545871,5148,76,28574.604,28696.294,4.240611e-03,1,1
11.2500,16,4,0.023861,402,76,28574.604,28696.294,4.240611e-03,1,1
11.2500,16,6,0.067558,796,76,28574.604,28696.294,4.240611e-03,1,1
11.2500,16,8,0.152782,1356,76,28574.604,28696.294,4.240611e-03,1,1
11.2500,16,10,0.314001,2060,76,28574.604,28696.294,4.240611e-03,1,1
11.2500,16,12,0.590754,2940,76,28574.604,28696.294,4.240611e-03,1,1
11.2500,16,14,0.987836,3948,76,28574.604,28696.294,4.240611e-03,1,1
11.2500,16,16,1.539542,5148,76,28574.604,28696.294,4.240611e-03,1,1
11.2500,32,4,0.028626,466,140,28665.695,28696.294,1.066305e-03,1,1
11.2500,32,6,0.074034,860,140,28665.695,28696.294,1.066305e-03,1,1
11.2500,32,8,0.166578,1420,140,28665.695,28696.294,1.066305e-03,1,1
11.2500,32,10,0.331733,2124,140,28665.695,28696.294,1.066305e-03,1,1
11.2500,32,12,0.620616,3004,140,28665.695,28696.294,1.066305e-03,1,1
11.2500,32,14,1.016797,4012,140,28665.695,28696.294,1.066305e-03,1,1
11.2500,32,16,1.579399,5212,140,28665.695,28696.294,1.066305e-03,1,1
11.2500,64,4,0.034401,592,268,28688.633,28696.294,2.669573e-04,1,1
11.2500,64,6,0.084067,988,268,28688.633,28696.294,2.669573e-04,1,1
11.2500,64,8,0.183050,1548,268,28688.633,28696.294,2.669573e-04,1,1
11.2500,64,10,0.363411,2252,268,28688.633,28696.294,2.669573e-04,1,1
11.2500,64,12,0.660845,3136,268,28688.633,28696.294,2.669573e-04,1,1
11.2500,64,14,1.070504,4108,268,28688.633,28696.294,2.669573e-04,1,1
11.2500,64,16,1.661117,5340,268,28688.633,28696.294,2.669573e-04,1,1
11.7500,8,4,0.024695,402,76,28445.086,28577.834,4.645125e-03,1,1
11.7500,8,6,0.066978,796,76,28445.086,28577.834,4.645125e-03,1,1
11.7500,8,8,0.152337,1356,76,28445.086,28577.834,4.645125e-03,1,1
11.7500,8,10,0.316456,2060,76,28445.086,28577.834,4.645125e-03,1,1
11.7500,8,12,0.599825,2940,76,28445.086,28577.834,4.645125e-03,1,1
11.7500,8,14,0.999471,3948,76,28445.086,28577.834,4.645125e-03,1,1
11.7500,8,16,1.557007,5148,76,28445.086,28577.834,4.645125e-03,1,1
11.7500,16,4,0.023882,402,76,28445.086,28577.834,4.645125e-03,1,1
11.7500,16,6,0.068687,796,76,28445.086,28577.834,4.645125e-03,1,1
11.7500,16,8,0.153306,1356,76,28445.086,28577.834,4.645125e-03,1,1
11.7500,16,10,0.311088,2060,76,28445.086,28577.834,4.645125e-03,1,1
11.7500,16,12,0.590980,2940,76,28445.086,28577.834,4.645125e-03,1,1
11.7500,16,14,0.976495,3948,76,28445.086,28577.834,4.645125e-03,1,1
11.7500,16,16,1.529442,5148,76,28445.086,28577.834,4.645125e-03,1,1
11.7500,32,4,0.028196,466,140,28544.454,28577.834,1.168019e-03,1,1
11.7500,32,6,0.074438,860,140,28544.454,28577.834,1.168019e-03,1,1
11.7500,32,8,0.164152,1420,140,28544.454,28577.834,1.168019e-03,1,1
11.7500,32,10,0.333536,2124,140,28544.454,28577.834,1.168019e-03,1,1
11.7500,32,12,0.618744,3004,140,28544.454,28577.834,1.168019e-03,1,1
11.7500,32,14,1.022433,4012,140,28544.454,28577.834,1.168019e-03,1,1
11.7500,32,16,1.590748,5212,140,28544.454,28577.834,1.168019e-03,1,1
11.7500,64,4,0.034496,592,268,28569.477,28577.834,2.924253e-04,1,1
11.7500,64,6,0.084547,988,268,28569.477,28577.834,2.924253e-04,1,1
11.7500,64,8,0.184074,1552,268,28569.477,28577.834,2.924253e-04,1,1
11.7500,64,10,0.373133,2252,268,28569.477,28577.834,2.924253e-04,1,1
11.7500,64,12,0.665025,3132,268,28569.477,28577.834,2.924253e-04,1,1
11.7500,64,14,1.067347,4108,268,28569.477,28577.834,2.924253e-04,1,1
11.7500,64,16,1.664389,5340,268,28569.477,28577.834,2.924253e-04,1,1
12.2500,8,4,0.024166,398,76,28309.938,28454.223,5.070779e-03,1,1
12.2500,8,6,0.068563,796,76,28309.938,28454.223,5.070779e-03,1,1
12.2500,8,8,0.153444,1356,76,28309.938,28454.223,5.070779e-03,1,1
12.2500,8,10,0.315078,2060,76,28309.938,28454.223,5.070779e-03,1,1
12.2500,8,12,0.591932,2940,76,28309.938,28454.223,5.070779e-03,1,1
12.2500,8,14,0.984577,3948,76,28309.938,28454.223,5.070779e-03,1,1
12.2500,8,16,1.553176,5148,76,28309.938,28454.223,5.070779e-03,1,1
12.2500,16,4,0.023743,398,76,28309.938,28454.223,5.070779e-03,1,1
12.2500,16,6,0.067452,796,76,28309.938,28454.223,5.070779e-03,1,1
12.2500,16,8,0.151089,1356,76,28309.938,28454.223,5.070779e-03,1,1
12.2500,16,10,0.310191,2060,76,28309.938,28454.223,5.070779e-03,1,1
12.2500,16,12,0.593518,2940,76,28309.938,28454.223,5.070779e-03,1,1
12.2500,16,14,0.983353,3948,76,28309.938,28454.223,5.070779e-03,1,1
12.2500,16,16,1.535403,5148,76,28309.938,28454.223,5.070779e-03,1,1
12.2500,32,4,0.027829,462,140,28417.942,28454.223,1.275054e-03,1,1
12.2500,32,6,0.074063,860,140,28417.942,28454.223,1.275054e-03,1,1
12.2500,32,8,0.165200,1420,140,28417.942,28454.223,1.275054e-03,1,1
12.2500,32,10,0.330717,2124,140,28417.942,28454.223,1.275054e-03,1,1
12.2500,32,12,0.619238,3004,140,28417.942,28454.223,1.275054e-03,1,1
12.2500,32,14,1.018593,4016,140,28417.942,28454.223,1.275054e-03,1,1
12.2500,32,16,1.577317,5180,140,28417.942,28454.223,1.275054e-03,1,1
12.2500,64,4,0.033157,590,268,28445.14,28454.223,3.192244e-04,1,1
12.2500,64,6,0.084997,988,268,28445.14,28454.223,3.192244e-04,1,1
12.2500,64,8,0.183082,1552,268,28445.14,28454.223,3.192244e-04,1,1
12.2500,64,10,0.364264,2252,268,28445.14,28454.223,3.192244e-04,1,1
12.2500,64,12,0.653363,3100,268,28445.14,28454.223,3.192244e-04,1,1
12.2500,64,14,1.080928,4144,268,28445.14,28454.223,3.192244e-04,1,1
12.2500,64,16,1.664442,5308,268,28445.14,28454.223,3.192244e-04,1,1
12.7500,8,4,0.024056,400,76,28169.158,28325.462,5.518153e-03,1,1
12.7500,8,6,0.068507,800,76,28169.158,28325.462,5.518153e-03,1,1
12.7500,8,8,0.153744,1356,76,28169.158,28325.462,5.518153e-03,1,1
12.7500,8,10,0.311420,2060,76,28169.158,28325.462,5.518153e-03,1,1
12.7500,8,12,0.591311,2912,76,28169.158,28325.462,5.518153e-03,1,1
12.7500,8,14,0.984078,3948,76,28169.158,28325.462,5.518153e-03,1,1
12.7500,8,16,1.547442,5148,76,28169.158,28325.462,5.518153e-03,1,1
12.7500,16,4,0.023142,400,76,28169.158,28325.462,5.518153e-03,1,1
12.7500,16,6,0.068961,800,76,28169.158,28325.462,5.518153e-03,1,1
12.7500,16,8,0.150736,1356,76,28169.158,28325.462,5.518153e-03,1,1
12.7500,16,10,0.313470,2060,76,28169.158,28325.462,5.518153e-03,1,1
12.7500,16,12,0.592682,2912,76,28169.158,28325.462,5.518153e-03,1,1
12.7500,16,14,0.974676,3948,76,28169.158,28325.462,5.518153e-03,1,1
12.7500,16,16,1.551859,5148,76,28169.158,28325.462,5.518153e-03,1,1
12.7500,32,4,0.027572,462,140,28286.159,28325.462,1.387542e-03,1,1
12.7500,32,6,0.073683,860,140,28286.159,28325.462,1.387542e-03,1,1
12.7500,32,8,0.164277,1420,140,28286.159,28325.462,1.387542e-03,1,1
12.7500,32,10,0.332826,2124,140,28286.159,28325.462,1.387542e-03,1,1
12.7500,32,12,0.619417,2976,140,28286.159,28325.462,1.387542e-03,1,1
12.7500,32,14,1.015063,4012,140,28286.159,28325.462,1.387542e-03,1,1
12.7500,32,16,1.588198,5182,140,28286.159,28325.462,1.387542e-03,1,1
12.7500,64,4,0.034151,590,268,28315.622,28325.462,3.473845e-04,1,1
12.7500,64,6,0.091009,988,268,28315.622,28325.462,3.473845e-04,1,1
12.7500,64,8,0.182935,1548,268,28315.622,28325.462,3.473845e-04,1,1
12.7500,64,10,0.383490,2252,268,28315.622,28325.462,3.473845e-04,1,1
12.7500,64,12,0.669518,3104,268,28315.622,28325.462,3.473845e-04,1,1
12.7500,64,14,1.068104,4140,268,28315.622,28325.462,3.473845e-04,1,1
12.7500,64,16,1.655352,5308,268,28315.622,28325.462,3.473845e-04,1,1
13.2500,8,4,0.022951,400,76,28022.747,28191.55,5.987732e-03,1,1
13.2500,8,6,0.068259,796,76,28022.747,28191.55,5.987732e-03,1,1
13.2500,8,8,0.150578,1356,76,28022.747,28191.55,5.987732e-03,1,1
13.2500,8,10,0.316383,2068,76,28022.747,28191.55,5.987732e-03,1,1
13.2500,8,12,0.585947,2908,76,28022.747,28191.55,5.987732e-03,1,1
13.2500,8,14,0.977686,3948,76,28022.747,28191.55,5.987732e-03,1,1
13.2500,8,16,1.530640,5120,76,28022.747,28191.55,5.987732e-03,1,1
13.2500,16,4,0.023381,400,76,28022.747,28191.55,5.987732e-03,1,1
13.2500,16,6,0.067904,796,76,28022.747,28191.55,5.987732e-03,1,1
13.2500,16,8,0.150307,1356,76,28022.747,28191.55,5.987732e-03,1,1
13.2500,16,10,0.314094,2068,76,28022.747,28191.55,5.987732e-03,1,1
13.2500,16,12,0.583180,2908,76,28022.747,28191.55,5.987732e-03,1,1
13.2500,16,14,0.988468,3948,76,28022.747,28191.55,5.987732e-03,1,1
13.2500,16,16,1.537709,5120,76,28022.747,28191.55,5.987732e-03,1,1
13.2500,32,4,0.028136,462,140,28149.104,28191.55,1.505626e-03,1,1
13.2500,32,6,0.074317,860,140,28149.104,28191.55,1.505626e-03,1,1
13.2500,32,8,0.162931,1420,140,28149.104,28191.55,1.505626e-03,1,1
13.2500,32,10,0.335143,2128,140,28149.104,28191.55,1.505626e-03,1,1
13.2500,32,12,0.615026,2972,140,28149.104,28191.55,1.505626e-03,1,1
13.2500,32,14,1.016634,4016,140,28149.104,28191.55,1.505626e-03,1,1
13.2500,32,16,1.576517,5148,140,28149.104,28191.55,1.505626e-03,1,1
13.2500,64,4,0.033564,590,268,28180.923,28191.55,3.769509e-04,1,1
13.2500,64,6,0.085381,988,268,28180.923,28191.55,3.769509e-04,1,1
13.2500,64,8,0.183606,1548,268,28180.923,28191.55,3.769509e-04,1,1
13.2500,64,10,0.363261,2252,268,28180.923,28191.55,3.769509e-04,1,1
13.2500,64,12,0.659231,3068,268,28180.923,28191.55,3.769509e-04,1,1
13.2500,64,14,1.084122,4144,268,28180.923,28191.55,3.769509e-04,1,1
13.2500,64,16,1.660936,5276,268,28180.923,28191.55,3.769509e-04,1,1
13.7500,8,4,0.024293,398,76,27870.704,28052.488,6.480153e-03,1,1
13.7500,8,6,0.068817,800,76,27870.704,28052.488,6.480153e-03,1,1
13.7500,8,8,0.152148,1340,76,27870.704,28052.488,6.480153e-03,1,1
13.7500,8,10,0.313049,2060,76,27870.704,28052.488,6.480153e-03,1,1
13.7500,8,12,0.591733,2908,76,27870.704,28052.488,6.480153e-03,1,1
13.7500,8,14,0.980864,3948,76,27870.704,28052.488,6.480153e-03,1,1
13.7500,8,16,1.522020,5084,76,27870.704,28052.488,6.480153e-03,1,1
13.7500,16,4,0.023410,398,76,27870.704,28052.488,6.480153e-03,1,1
13.7500,16,6,0.066885,800,76,27870.704,28052.488,6.480153e-03,1,1
13.7500,16,8,0.150623,1340,76,27870.704,28052.488,6.480153e-03,1,1
13.7500,16,10,0.313627,2060,76,27870.704,28052.488,6.480153e-03,1,1
13.7500,16,12,0.591059,2908,76,27870.704,28052.488,6.480153e-03,1,1
13.7500,16,14,0.976448,3948,76,27870.704,28052.488,6.480153e-03,1,1
13.7500,16,16,1.533525,5084,76,27870.704,28052.488,6.480153e-03,1,1
13.7500,32,4,0.027875,460,140,28006.779,28052.488,1.629431e-03,1,1
13.7500,32,6,0.074474,864,140,28006.779,28052.488,1.629431e-03,1,1
13.7500,32,8,0.163219,1408,140,28006.779,28052.488,1.629431e-03,1,1
13.7500,32,10,0.332052,2124,140,28006.779,28052.488,1.629431e-03,1,1
13.7500,32,12,0.611380,2972,140,28006.779,28052.488,1.629431e-03,1,1
13.7500,32,14,1.008247,4012,140,28006.779,28052.488,1.629431e-03,1,1
13.7500,32,16,1.577114,5152,140,28006.779,28052.488,1.629431e-03,1,1
13.7500,64,4,0.034491,588,268,28041.044,28052.488,4.079491e-04,1,1
13.7500,64,6,0.085064,992,268,28041.044,28052.488,4.079491e-04,1,1
13.7500,64,8,0.183480,1536,268,28041.044,28052.488,4.079491e-04,1,1
13.7500,64,10,0.364172,2252,268,28041.044,28052.488,4.079491e-04,1,1
13.7500,64,12,0.661439,3100,268,28041.044,28052.488,4.079491e-04,1,1
13.7500,64,14,1.069442,4140,268,28041.044,28052.488,4.079491e-04,1,1
13.7500,64,16,1.637725,5244,268,28041.044,28052.488,4.079491e-04,1,1
14.2500,8,4,0.024265,398,76,27713.031,27908.276,6.995961e-03,1,1
14.2500,8,6,0.069665,796,76,27713.031,27908.276,6.995961e-03,1,1
14.2500,8,8,0.154027,1340,76,27713.031,27908.276,6.995961e-03,1,1
14.2500,8,10,0.311476,2060,76,27713.031,27908.276,6.995961e-03,1,1
14.2500,8,12,0.583830,2908,76,27713.031,27908.276,6.995961e-03,1,1
14.2500,8,14,0.986879,3948,76,27713.031,27908.276,6.995961e-03,1,1
14.2500,8,16,1.554643,5088,76,27713.031,27908.276,6.995961e-03,1,1
14.2500,16,4,0.023927,398,76,27713.031,27908.276,6.995961e-03,1,1
14.2500,16,6,0.067044,796,76,27713.031,27908.276,6.995961e-03,1,1
14.2500,16,8,0.151680,1340,76,27713.031,27908.276,6.995961e-03,1,1
14.2500,16,10,0.313775,2060,76,27713.031,27908.276,6.995961e-03,1,1
14.2500,16,12,0.588677,2908,76,27713.031,27908.276,6.995961e-03,1,1
14.2500,16,14,0.993588,3948,76,27713.031,27908.276,6.995961e-03,1,1
14.2500,16,16,1.540358,5088,76,27713.031,27908.276,6.995961e-03,1,1
14.2500,32,4,0.028035,460,140,27859.181,27908.276,1.759150e-03,1,1
14.2500,32,6,0.075788,860,140,27859.181,27908.276,1.759150e-03,1,1
14.2500,32,8,0.167627,1404,140,27859.181,27908.276,1.759150e-03,1,1
14.2500,32,10,0.330757,2124,140,27859.181,27908.276,1.759150e-03,1,1
14.2500,32,12,0.614138,2976,140,27859.181,27908.276,1.759150e-03,1,1
14.2500,32,14,1.010876,3980,140,27859.181,27908.276,1.759150e-03,1,1
14.2500,32,16,1.589836,5116,140,27859.181,27908.276,1.759150e-03,1,1
14.2500,64,4,0.033478,588,268,27895.984,27908.276,4.404290e-04,1,1
14.2500,64,6,0.086608,988,268,27895.984,27908.276,4.404290e-04,1,1
14.2500,64,8,0.185406,1532,268,27895.984,27908.276,4.404290e-04,1,1
14.2500,64,10,0.365562,2220,268,27895.984,27908.276,4.404290e-04,1,1
14.2500,64,12,0.661150,3100,268,27895.984,27908.276,4.404290e-04,1,1
14.2500,64,14,1.073017,4108,268,27895.984,27908.276,4.404290e-04,1,1
14.2500,64,16,1.639671,5212,268,27895.984,27908.276,4.404290e-04,1,1
